Year,Month,Reporter,Trade Direction,Trade Partner,HS2 Code,HS2 Description,HS4 Code,HS4 Description,HS6 Code,HS6 Description,Tariff Line Code,Tariff Line Description,USD,Primary Quantity,Unit Price,Primary Units
2013,10,Norway,Import,Denmark,3,"Fish And Crustaceans, Molluscs And Other Aquatic Invertebrates",303,"Fish, Frozen, Excluding Fish Fillets And Other Fish Meat Without Bones; Fish Livers And Roes, Frozen",30354,"Mackerel (Scomber Scombrus, Scomber Australasicus, Scomber Japonicus), Frozen",3035401,"Subgroup Of:030354 Frozen Mackerel ""Scomber Scombrus, Scomber Australasicus, Scomber Japonicus""",589475.37,473834,1.24,KG
2019,6,Norway,Import,Denmark,3,"Fish And Crustaceans, Molluscs And Other Aquatic Invertebrates",303,"Fish, Frozen, Excluding Fish Fillets And Other Fish Meat Without Bones; Fish Livers And Roes, Frozen",30354,"Mackerel (Scomber Scombrus, Scomber Australasicus, Scomber Japonicus), Frozen",3035401,"Subgroup Of:030354 Frozen Mackerel ""Scomber Scombrus, Scomber Australasicus, Scomber Japonicus""",4592.89,2440,1.88,KG
2012,11,Norway,Import,Faroe Islands,3,"Fish And Crustaceans, Molluscs And Other Aquatic Invertebrates",303,"Fish, Frozen, Excluding Fish Fillets And Other Fish Meat Without Bones; Fish Livers And Roes, Frozen",30354,"Mackerel (Scomber Scombrus, Scomber Australasicus, Scomber Japonicus), Frozen",3035401,"Subgroup Of:030354 Frozen Mackerel ""Scomber Scombrus, Scomber Australasicus, Scomber Japonicus""",98373.56,22500,4.37,KG
2015,11,Norway,Import,Faroe Islands,3,"Fish And Crustaceans, Molluscs And Other Aquatic Invertebrates",303,"Fish, Frozen, Excluding Fish Fillets And Other Fish Meat Without Bones; Fish Livers And Roes, Frozen",30354,"Mackerel (Scomber Scombrus, Scomber Australasicus, Scomber Japonicus), Frozen",3035401,"Subgroup Of:030354 Frozen Mackerel ""Scomber Scombrus, Scomber Australasicus, Scomber Japonicus""",1920.62,672,2.86,KG
2015,11,Norway,Import,Greenland,3,"Fish And Crustaceans, Molluscs And Other Aquatic Invertebrates",303,"Fish, Frozen, Excluding Fish Fillets And Other Fish Meat Without Bones; Fish Livers And Roes, Frozen",30354,"Mackerel (Scomber Scombrus, Scomber Australasicus, Scomber Japonicus), Frozen",3035401,"Subgroup Of:030354 Frozen Mackerel ""Scomber Scombrus, Scomber Australasicus, Scomber Japonicus""",349.1,200,1.75,KG
2016,11,Norway,Import,Ireland,3,"Fish And Crustaceans, Molluscs And Other Aquatic Invertebrates",303,"Fish, Frozen, Excluding Fish Fillets And Other Fish Meat Without Bones; Fish Livers And Roes, Frozen",30354,"Mackerel (Scomber Scombrus, Scomber Australasicus, Scomber Japonicus), Frozen",3035401,"Subgroup Of:030354 Frozen Mackerel ""Scomber Scombrus, Scomber Australasicus, Scomber Japonicus""",655.16,300,2.18,KG
2017,6,Norway,Import,Ireland,3,"Fish And Crustaceans, Molluscs And Other Aquatic Invertebrates",303,"Fish, Frozen, Excluding Fish Fillets And Other Fish Meat Without Bones; Fish Livers And Roes, Frozen",30354,"Mackerel (Scomber Scombrus, Scomber Australasicus, Scomber Japonicus), Frozen",3035401,"Subgroup Of:030354 Frozen Mackerel ""Scomber Scombrus, Scomber Australasicus, Scomber Japonicus""",336.9,200,1.68,KG
2017,7,Norway,Import,Ireland,3,"Fish And Crustaceans, Molluscs And Other Aquatic Invertebrates",303,"Fish, Frozen, Excluding Fish Fillets And Other Fish Meat Without Bones; Fish Livers And Roes, Frozen",30354,"Mackerel (Scomber Scombrus, Scomber Australasicus, Scomber Japonicus), Frozen",3035401,"Subgroup Of:030354 Frozen Mackerel ""Scomber Scombrus, Scomber Australasicus, Scomber Japonicus""",457.57,300,1.53,KG
2017,9,Norway,Import,Ireland,3,"Fish And Crustaceans, Molluscs And Other Aquatic Invertebrates",303,"Fish, Frozen, Excluding Fish Fillets And Other Fish Meat Without Bones; Fish Livers And Roes, Frozen",30354,"Mackerel (Scomber Scombrus, Scomber Australasicus, Scomber Japonicus), Frozen",3035401,"Subgroup Of:030354 Frozen Mackerel ""Scomber Scombrus, Scomber Australasicus, Scomber Japonicus""",458.52,200,2.29,KG
2012,5,Norway,Import,Netherlands,3,"Fish And Crustaceans, Molluscs And Other Aquatic Invertebrates",303,"Fish, Frozen, Excluding Fish Fillets And Other Fish Meat Without Bones; Fish Livers And Roes, Frozen",30354,"Mackerel (Scomber Scombrus, Scomber Australasicus, Scomber Japonicus), Frozen",3035401,"Subgroup Of:030354 Frozen Mackerel ""Scomber Scombrus, Scomber Australasicus, Scomber Japonicus""",1606271.07,714380,2.25,KG
2013,10,Norway,Import,Netherlands,3,"Fish And Crustaceans, Molluscs And Other Aquatic Invertebrates",303,"Fish, Frozen, Excluding Fish Fillets And Other Fish Meat Without Bones; Fish Livers And Roes, Frozen",30354,"Mackerel (Scomber Scombrus, Scomber Australasicus, Scomber Japonicus), Frozen",3035401,"Subgroup Of:030354 Frozen Mackerel ""Scomber Scombrus, Scomber Australasicus, Scomber Japonicus""",5560.5,1760,3.16,KG
2016,5,Norway,Import,Netherlands,3,"Fish And Crustaceans, Molluscs And Other Aquatic Invertebrates",303,"Fish, Frozen, Excluding Fish Fillets And Other Fish Meat Without Bones; Fish Livers And Roes, Frozen",30354,"Mackerel (Scomber Scombrus, Scomber Australasicus, Scomber Japonicus), Frozen",3035401,"Subgroup Of:030354 Frozen Mackerel ""Scomber Scombrus, Scomber Australasicus, Scomber Japonicus""",243.96,41,5.95,KG
2016,11,Norway,Import,Netherlands,3,"Fish And Crustaceans, Molluscs And Other Aquatic Invertebrates",303,"Fish, Frozen, Excluding Fish Fillets And Other Fish Meat Without Bones; Fish Livers And Roes, Frozen",30354,"Mackerel (Scomber Scombrus, Scomber Australasicus, Scomber Japonicus), Frozen",3035401,"Subgroup Of:030354 Frozen Mackerel ""Scomber Scombrus, Scomber Australasicus, Scomber Japonicus""",750.12,330,2.27,KG
2017,4,Norway,Import,Netherlands,3,"Fish And Crustaceans, Molluscs And Other Aquatic Invertebrates",303,"Fish, Frozen, Excluding Fish Fillets And Other Fish Meat Without Bones; Fish Livers And Roes, Frozen",30354,"Mackerel (Scomber Scombrus, Scomber Australasicus, Scomber Japonicus), Frozen",3035401,"Subgroup Of:030354 Frozen Mackerel ""Scomber Scombrus, Scomber Australasicus, Scomber Japonicus""",2819.64,1060,2.66,KG
2019,1,Norway,Import,Netherlands,3,"Fish And Crustaceans, Molluscs And Other Aquatic Invertebrates",303,"Fish, Frozen, Excluding Fish Fillets And Other Fish Meat Without Bones; Fish Livers And Roes, Frozen",30354,"Mackerel (Scomber Scombrus, Scomber Australasicus, Scomber Japonicus), Frozen",3035401,"Subgroup Of:030354 Frozen Mackerel ""Scomber Scombrus, Scomber Australasicus, Scomber Japonicus""",1743.88,510,3.42,KG
2019,2,Norway,Import,Netherlands,3,"Fish And Crustaceans, Molluscs And Other Aquatic Invertebrates",303,"Fish, Frozen, Excluding Fish Fillets And Other Fish Meat Without Bones; Fish Livers And Roes, Frozen",30354,"Mackerel (Scomber Scombrus, Scomber Australasicus, Scomber Japonicus), Frozen",3035401,"Subgroup Of:030354 Frozen Mackerel ""Scomber Scombrus, Scomber Australasicus, Scomber Japonicus""",393690.52,286142,1.38,KG
2019,3,Norway,Import,Netherlands,3,"Fish And Crustaceans, Molluscs And Other Aquatic Invertebrates",303,"Fish, Frozen, Excluding Fish Fillets And Other Fish Meat Without Bones; Fish Livers And Roes, Frozen",30354,"Mackerel (Scomber Scombrus, Scomber Australasicus, Scomber Japonicus), Frozen",3035401,"Subgroup Of:030354 Frozen Mackerel ""Scomber Scombrus, Scomber Australasicus, Scomber Japonicus""",542.57,150,3.62,KG
2019,5,Norway,Import,Netherlands,3,"Fish And Crustaceans, Molluscs And Other Aquatic Invertebrates",303,"Fish, Frozen, Excluding Fish Fillets And Other Fish Meat Without Bones; Fish Livers And Roes, Frozen",30354,"Mackerel (Scomber Scombrus, Scomber Australasicus, Scomber Japonicus), Frozen",3035401,"Subgroup Of:030354 Frozen Mackerel ""Scomber Scombrus, Scomber Australasicus, Scomber Japonicus""",2306.86,680,3.39,KG
2019,6,Norway,Import,Netherlands,3,"Fish And Crustaceans, Molluscs And Other Aquatic Invertebrates",303,"Fish, Frozen, Excluding Fish Fillets And Other Fish Meat Without Bones; Fish Livers And Roes, Frozen",30354,"Mackerel (Scomber Scombrus, Scomber Australasicus, Scomber Japonicus), Frozen",3035401,"Subgroup Of:030354 Frozen Mackerel ""Scomber Scombrus, Scomber Australasicus, Scomber Japonicus""",2342.55,680,3.44,KG
2019,7,Norway,Import,Netherlands,3,"Fish And Crustaceans, Molluscs And Other Aquatic Invertebrates",303,"Fish, Frozen, Excluding Fish Fillets And Other Fish Meat Without Bones; Fish Livers And Roes, Frozen",30354,"Mackerel (Scomber Scombrus, Scomber Australasicus, Scomber Japonicus), Frozen",3035401,"Subgroup Of:030354 Frozen Mackerel ""Scomber Scombrus, Scomber Australasicus, Scomber Japonicus""",163.12,50,3.26,KG
2019,9,Norway,Import,Netherlands,3,"Fish And Crustaceans, Molluscs And Other Aquatic Invertebrates",303,"Fish, Frozen, Excluding Fish Fillets And Other Fish Meat Without Bones; Fish Livers And Roes, Frozen",30354,"Mackerel (Scomber Scombrus, Scomber Australasicus, Scomber Japonicus), Frozen",3035401,"Subgroup Of:030354 Frozen Mackerel ""Scomber Scombrus, Scomber Australasicus, Scomber Japonicus""",158426.37,100377,1.58,KG
2019,12,Norway,Import,Netherlands,3,"Fish And Crustaceans, Molluscs And Other Aquatic Invertebrates",303,"Fish, Frozen, Excluding Fish Fillets And Other Fish Meat Without Bones; Fish Livers And Roes, Frozen",30354,"Mackerel (Scomber Scombrus, Scomber Australasicus, Scomber Japonicus), Frozen",3035401,"Subgroup Of:030354 Frozen Mackerel ""Scomber Scombrus, Scomber Australasicus, Scomber Japonicus""",1984.49,520,3.82,KG
2020,1,Norway,Import,Netherlands,3,"Fish And Crustaceans, Molluscs And Other Aquatic Invertebrates",303,"Fish, Frozen, Excluding Fish Fillets And Other Fish Meat Without Bones; Fish Livers And Roes, Frozen",30354,"Mackerel (Scomber Scombrus, Scomber Australasicus, Scomber Japonicus), Frozen",3035401,"Subgroup Of:030354 Frozen Mackerel ""Scomber Scombrus, Scomber Australasicus, Scomber Japonicus""",747.64,200,3.74,KG
2013,9,Norway,Import,Russia,3,"Fish And Crustaceans, Molluscs And Other Aquatic Invertebrates",303,"Fish, Frozen, Excluding Fish Fillets And Other Fish Meat Without Bones; Fish Livers And Roes, Frozen",30354,"Mackerel (Scomber Scombrus, Scomber Australasicus, Scomber Japonicus), Frozen",3035401,"Subgroup Of:030354 Frozen Mackerel ""Scomber Scombrus, Scomber Australasicus, Scomber Japonicus""",17967.55,7000,2.57,KG
2012,11,Norway,Import,Sweden,3,"Fish And Crustaceans, Molluscs And Other Aquatic Invertebrates",303,"Fish, Frozen, Excluding Fish Fillets And Other Fish Meat Without Bones; Fish Livers And Roes, Frozen",30354,"Mackerel (Scomber Scombrus, Scomber Australasicus, Scomber Japonicus), Frozen",3035401,"Subgroup Of:030354 Frozen Mackerel ""Scomber Scombrus, Scomber Australasicus, Scomber Japonicus""",6295.91,2400,2.62,KG
2012,11,Norway,Import,Turkey,3,"Fish And Crustaceans, Molluscs And Other Aquatic Invertebrates",303,"Fish, Frozen, Excluding Fish Fillets And Other Fish Meat Without Bones; Fish Livers And Roes, Frozen",30354,"Mackerel (Scomber Scombrus, Scomber Australasicus, Scomber Japonicus), Frozen",3035401,"Subgroup Of:030354 Frozen Mackerel ""Scomber Scombrus, Scomber Australasicus, Scomber Japonicus""",92798.18,43000,2.16,KG
2014,2,Norway,Import,United Kingdom,3,"Fish And Crustaceans, Molluscs And Other Aquatic Invertebrates",303,"Fish, Frozen, Excluding Fish Fillets And Other Fish Meat Without Bones; Fish Livers And Roes, Frozen",30354,"Mackerel (Scomber Scombrus, Scomber Australasicus, Scomber Japonicus), Frozen",3035401,"Subgroup Of:030354 Frozen Mackerel ""Scomber Scombrus, Scomber Australasicus, Scomber Japonicus""",1405105.23,701076,2,KG
2019,1,Norway,Import,United Kingdom,3,"Fish And Crustaceans, Molluscs And Other Aquatic Invertebrates",303,"Fish, Frozen, Excluding Fish Fillets And Other Fish Meat Without Bones; Fish Livers And Roes, Frozen",30354,"Mackerel (Scomber Scombrus, Scomber Australasicus, Scomber Japonicus), Frozen",3035401,"Subgroup Of:030354 Frozen Mackerel ""Scomber Scombrus, Scomber Australasicus, Scomber Japonicus""",2871072.83,1733533,1.66,KG
2019,4,Norway,Import,United Kingdom,3,"Fish And Crustaceans, Molluscs And Other Aquatic Invertebrates",303,"Fish, Frozen, Excluding Fish Fillets And Other Fish Meat Without Bones; Fish Livers And Roes, Frozen",30354,"Mackerel (Scomber Scombrus, Scomber Australasicus, Scomber Japonicus), Frozen",3035401,"Subgroup Of:030354 Frozen Mackerel ""Scomber Scombrus, Scomber Australasicus, Scomber Japonicus""",1869.59,1000,1.87,KG
2019,8,Norway,Import,Denmark,3,"Fish And Crustaceans, Molluscs And Other Aquatic Invertebrates",303,"Fish, Frozen, Excluding Fish Fillets And Other Fish Meat Without Bones; Fish Livers And Roes, Frozen",30354,"Mackerel (Scomber Scombrus, Scomber Australasicus, Scomber Japonicus), Frozen",3035402,"Subgroup Of:030354 Frozen Mackerel ""Scomber Scombrus, Scomber Australasicus, Scomber Japonicus""",1460.87,200,7.3,KG
2017,1,Norway,Import,United Kingdom,3,"Fish And Crustaceans, Molluscs And Other Aquatic Invertebrates",303,"Fish, Frozen, Excluding Fish Fillets And Other Fish Meat Without Bones; Fish Livers And Roes, Frozen",30354,"Mackerel (Scomber Scombrus, Scomber Australasicus, Scomber Japonicus), Frozen",3035402,"Subgroup Of:030354 Frozen Mackerel ""Scomber Scombrus, Scomber Australasicus, Scomber Japonicus""",322.34,63,5.12,KG
2017,5,Norway,Import,United Kingdom,3,"Fish And Crustaceans, Molluscs And Other Aquatic Invertebrates",303,"Fish, Frozen, Excluding Fish Fillets And Other Fish Meat Without Bones; Fish Livers And Roes, Frozen",30354,"Mackerel (Scomber Scombrus, Scomber Australasicus, Scomber Japonicus), Frozen",3035402,"Subgroup Of:030354 Frozen Mackerel ""Scomber Scombrus, Scomber Australasicus, Scomber Japonicus""",210.32,42,5.01,KG
2018,2,Norway,Import,Netherlands,3,"Fish And Crustaceans, Molluscs And Other Aquatic Invertebrates",303,"Fish, Frozen, Excluding Fish Fillets And Other Fish Meat Without Bones; Fish Livers And Roes, Frozen",30354,"Mackerel (Scomber Scombrus, Scomber Australasicus, Scomber Japonicus), Frozen",3035403,"Subgroup Of: 030354 Frozen Mackerel £Scomber Scombrus, Scomber Australasicus, Scomber Japonicus£",1403.93,460,3.05,KG
2018,4,Norway,Import,Netherlands,3,"Fish And Crustaceans, Molluscs And Other Aquatic Invertebrates",303,"Fish, Frozen, Excluding Fish Fillets And Other Fish Meat Without Bones; Fish Livers And Roes, Frozen",30354,"Mackerel (Scomber Scombrus, Scomber Australasicus, Scomber Japonicus), Frozen",3035403,"Subgroup Of: 030354 Frozen Mackerel £Scomber Scombrus, Scomber Australasicus, Scomber Japonicus£",623.03,200,3.12,KG
2018,6,Norway,Import,Netherlands,3,"Fish And Crustaceans, Molluscs And Other Aquatic Invertebrates",303,"Fish, Frozen, Excluding Fish Fillets And Other Fish Meat Without Bones; Fish Livers And Roes, Frozen",30354,"Mackerel (Scomber Scombrus, Scomber Australasicus, Scomber Japonicus), Frozen",3035403,"Subgroup Of: 030354 Frozen Mackerel £Scomber Scombrus, Scomber Australasicus, Scomber Japonicus£",964.32,376,2.56,KG
2018,8,Norway,Import,Netherlands,3,"Fish And Crustaceans, Molluscs And Other Aquatic Invertebrates",303,"Fish, Frozen, Excluding Fish Fillets And Other Fish Meat Without Bones; Fish Livers And Roes, Frozen",30354,"Mackerel (Scomber Scombrus, Scomber Australasicus, Scomber Japonicus), Frozen",3035403,"Subgroup Of: 030354 Frozen Mackerel £Scomber Scombrus, Scomber Australasicus, Scomber Japonicus£",1108.78,400,2.77,KG
2018,10,Norway,Import,Netherlands,3,"Fish And Crustaceans, Molluscs And Other Aquatic Invertebrates",303,"Fish, Frozen, Excluding Fish Fillets And Other Fish Meat Without Bones; Fish Livers And Roes, Frozen",30354,"Mackerel (Scomber Scombrus, Scomber Australasicus, Scomber Japonicus), Frozen",3035403,"Subgroup Of: 030354 Frozen Mackerel £Scomber Scombrus, Scomber Australasicus, Scomber Japonicus£",582.59,200,2.91,KG
2018,12,Norway,Import,Netherlands,3,"Fish And Crustaceans, Molluscs And Other Aquatic Invertebrates",303,"Fish, Frozen, Excluding Fish Fillets And Other Fish Meat Without Bones; Fish Livers And Roes, Frozen",30354,"Mackerel (Scomber Scombrus, Scomber Australasicus, Scomber Japonicus), Frozen",3035403,"Subgroup Of: 030354 Frozen Mackerel £Scomber Scombrus, Scomber Australasicus, Scomber Japonicus£",298.85,100,2.99,KG
2018,3,Norway,Import,Faroe Islands,3,"Fish And Crustaceans, Molluscs And Other Aquatic Invertebrates",303,"Fish, Frozen, Excluding Fish Fillets And Other Fish Meat Without Bones; Fish Livers And Roes, Frozen",30354,"Mackerel (Scomber Scombrus, Scomber Australasicus, Scomber Japonicus), Frozen",3035404,"Subgroup Of: 030354 Frozen Mackerel £Scomber Scombrus, Scomber Australasicus, Scomber Japonicus£",713.11,220,3.24,KG
2018,3,Norway,Import,Ireland,3,"Fish And Crustaceans, Molluscs And Other Aquatic Invertebrates",303,"Fish, Frozen, Excluding Fish Fillets And Other Fish Meat Without Bones; Fish Livers And Roes, Frozen",30354,"Mackerel (Scomber Scombrus, Scomber Australasicus, Scomber Japonicus), Frozen",3035404,"Subgroup Of: 030354 Frozen Mackerel £Scomber Scombrus, Scomber Australasicus, Scomber Japonicus£",457.77,200,2.29,KG
2018,3,Norway,Import,Netherlands,3,"Fish And Crustaceans, Molluscs And Other Aquatic Invertebrates",303,"Fish, Frozen, Excluding Fish Fillets And Other Fish Meat Without Bones; Fish Livers And Roes, Frozen",30354,"Mackerel (Scomber Scombrus, Scomber Australasicus, Scomber Japonicus), Frozen",3035404,"Subgroup Of: 030354 Frozen Mackerel £Scomber Scombrus, Scomber Australasicus, Scomber Japonicus£",37519.88,21563,1.74,KG
2001,11,Norway,Import,Belgium,3,"Fish And Crustaceans, Molluscs And Other Aquatic Invertebrates",303,"Fish, Frozen, Excluding Fish Fillets And Other Fish Meat Without Bones; Fish Livers And Roes, Frozen",30374,"Mackerel (Scomber Scombrus, Scomber Australasicus, Scomber Japonicus), Excluding Fillets, Livers And Roes, Frozen",3037401,Of A Weight Less Than 600 Grammes,503.05,92,5.47,KG
2001,12,Norway,Import,Belgium,3,"Fish And Crustaceans, Molluscs And Other Aquatic Invertebrates",303,"Fish, Frozen, Excluding Fish Fillets And Other Fish Meat Without Bones; Fish Livers And Roes, Frozen",30374,"Mackerel (Scomber Scombrus, Scomber Australasicus, Scomber Japonicus), Excluding Fillets, Livers And Roes, Frozen",3037401,Of A Weight Less Than 600 Grammes,338.3,50,6.77,KG
2002,12,Norway,Import,Canada,3,"Fish And Crustaceans, Molluscs And Other Aquatic Invertebrates",303,"Fish, Frozen, Excluding Fish Fillets And Other Fish Meat Without Bones; Fish Livers And Roes, Frozen",30374,"Mackerel (Scomber Scombrus, Scomber Australasicus, Scomber Japonicus), Excluding Fillets, Livers And Roes, Frozen",3037401,Of A Weight Less Than 600 Grammes,67297.2,60000,1.12,KG
2003,11,Norway,Import,Canada,3,"Fish And Crustaceans, Molluscs And Other Aquatic Invertebrates",303,"Fish, Frozen, Excluding Fish Fillets And Other Fish Meat Without Bones; Fish Livers And Roes, Frozen",30374,"Mackerel (Scomber Scombrus, Scomber Australasicus, Scomber Japonicus), Excluding Fillets, Livers And Roes, Frozen",3037401,Of A Weight Less Than 600 Grammes,22265.11,20000,1.11,KG
2003,12,Norway,Import,Canada,3,"Fish And Crustaceans, Molluscs And Other Aquatic Invertebrates",303,"Fish, Frozen, Excluding Fish Fillets And Other Fish Meat Without Bones; Fish Livers And Roes, Frozen",30374,"Mackerel (Scomber Scombrus, Scomber Australasicus, Scomber Japonicus), Excluding Fillets, Livers And Roes, Frozen",3037401,Of A Weight Less Than 600 Grammes,22057.6,20000,1.1,KG
2004,2,Norway,Import,Canada,3,"Fish And Crustaceans, Molluscs And Other Aquatic Invertebrates",303,"Fish, Frozen, Excluding Fish Fillets And Other Fish Meat Without Bones; Fish Livers And Roes, Frozen",30374,"Mackerel (Scomber Scombrus, Scomber Australasicus, Scomber Japonicus), Excluding Fillets, Livers And Roes, Frozen",3037401,Of A Weight Less Than 600 Grammes,15246.59,13980,1.09,KG
2004,10,Norway,Import,Canada,3,"Fish And Crustaceans, Molluscs And Other Aquatic Invertebrates",303,"Fish, Frozen, Excluding Fish Fillets And Other Fish Meat Without Bones; Fish Livers And Roes, Frozen",30374,"Mackerel (Scomber Scombrus, Scomber Australasicus, Scomber Japonicus), Excluding Fillets, Livers And Roes, Frozen",3037401,Of A Weight Less Than 600 Grammes,13763.32,10680,1.29,KG
2004,12,Norway,Import,Canada,3,"Fish And Crustaceans, Molluscs And Other Aquatic Invertebrates",303,"Fish, Frozen, Excluding Fish Fillets And Other Fish Meat Without Bones; Fish Livers And Roes, Frozen",30374,"Mackerel (Scomber Scombrus, Scomber Australasicus, Scomber Japonicus), Excluding Fillets, Livers And Roes, Frozen",3037401,Of A Weight Less Than 600 Grammes,46312.44,51200,0.9,KG
2005,11,Norway,Import,Canada,3,"Fish And Crustaceans, Molluscs And Other Aquatic Invertebrates",303,"Fish, Frozen, Excluding Fish Fillets And Other Fish Meat Without Bones; Fish Livers And Roes, Frozen",30374,"Mackerel (Scomber Scombrus, Scomber Australasicus, Scomber Japonicus), Excluding Fillets, Livers And Roes, Frozen",3037401,Of A Weight Less Than 600 Grammes,115201.74,51200,2.25,KG
1999,12,Norway,Import,Denmark,3,"Fish And Crustaceans, Molluscs And Other Aquatic Invertebrates",303,"Fish, Frozen, Excluding Fish Fillets And Other Fish Meat Without Bones; Fish Livers And Roes, Frozen",30374,"Mackerel (Scomber Scombrus, Scomber Australasicus, Scomber Japonicus), Excluding Fillets, Livers And Roes, Frozen",3037401,Of A Weight Less Than 600 Grammes,354.5,360,0.98,KG
2000,1,Norway,Import,Denmark,3,"Fish And Crustaceans, Molluscs And Other Aquatic Invertebrates",303,"Fish, Frozen, Excluding Fish Fillets And Other Fish Meat Without Bones; Fish Livers And Roes, Frozen",30374,"Mackerel (Scomber Scombrus, Scomber Australasicus, Scomber Japonicus), Excluding Fillets, Livers And Roes, Frozen",3037401,Of A Weight Less Than 600 Grammes,126079.69,279738,0.45,KG
2000,9,Norway,Import,Denmark,3,"Fish And Crustaceans, Molluscs And Other Aquatic Invertebrates",303,"Fish, Frozen, Excluding Fish Fillets And Other Fish Meat Without Bones; Fish Livers And Roes, Frozen",30374,"Mackerel (Scomber Scombrus, Scomber Australasicus, Scomber Japonicus), Excluding Fillets, Livers And Roes, Frozen",3037401,Of A Weight Less Than 600 Grammes,124874.32,193668,0.64,KG
2000,10,Norway,Import,Denmark,3,"Fish And Crustaceans, Molluscs And Other Aquatic Invertebrates",303,"Fish, Frozen, Excluding Fish Fillets And Other Fish Meat Without Bones; Fish Livers And Roes, Frozen",30374,"Mackerel (Scomber Scombrus, Scomber Australasicus, Scomber Japonicus), Excluding Fillets, Livers And Roes, Frozen",3037401,Of A Weight Less Than 600 Grammes,37842.19,52120,0.73,KG
2001,1,Norway,Import,Denmark,3,"Fish And Crustaceans, Molluscs And Other Aquatic Invertebrates",303,"Fish, Frozen, Excluding Fish Fillets And Other Fish Meat Without Bones; Fish Livers And Roes, Frozen",30374,"Mackerel (Scomber Scombrus, Scomber Australasicus, Scomber Japonicus), Excluding Fillets, Livers And Roes, Frozen",3037401,Of A Weight Less Than 600 Grammes,105211.52,200420,0.52,KG
2004,10,Norway,Import,Denmark,3,"Fish And Crustaceans, Molluscs And Other Aquatic Invertebrates",303,"Fish, Frozen, Excluding Fish Fillets And Other Fish Meat Without Bones; Fish Livers And Roes, Frozen",30374,"Mackerel (Scomber Scombrus, Scomber Australasicus, Scomber Japonicus), Excluding Fillets, Livers And Roes, Frozen",3037401,Of A Weight Less Than 600 Grammes,342434.01,220640,1.55,KG
2004,11,Norway,Import,Denmark,3,"Fish And Crustaceans, Molluscs And Other Aquatic Invertebrates",303,"Fish, Frozen, Excluding Fish Fillets And Other Fish Meat Without Bones; Fish Livers And Roes, Frozen",30374,"Mackerel (Scomber Scombrus, Scomber Australasicus, Scomber Japonicus), Excluding Fillets, Livers And Roes, Frozen",3037401,Of A Weight Less Than 600 Grammes,15336.52,48472,0.32,KG
2007,10,Norway,Import,Denmark,3,"Fish And Crustaceans, Molluscs And Other Aquatic Invertebrates",303,"Fish, Frozen, Excluding Fish Fillets And Other Fish Meat Without Bones; Fish Livers And Roes, Frozen",30374,"Mackerel (Scomber Scombrus, Scomber Australasicus, Scomber Japonicus), Excluding Fillets, Livers And Roes, Frozen",3037401,Of A Weight Less Than 600 Grammes,2379136.8,1589416,1.5,KG
2007,11,Norway,Import,Denmark,3,"Fish And Crustaceans, Molluscs And Other Aquatic Invertebrates",303,"Fish, Frozen, Excluding Fish Fillets And Other Fish Meat Without Bones; Fish Livers And Roes, Frozen",30374,"Mackerel (Scomber Scombrus, Scomber Australasicus, Scomber Japonicus), Excluding Fillets, Livers And Roes, Frozen",3037401,Of A Weight Less Than 600 Grammes,1983789.46,1472709,1.35,KG
2008,10,Norway,Import,Denmark,3,"Fish And Crustaceans, Molluscs And Other Aquatic Invertebrates",303,"Fish, Frozen, Excluding Fish Fillets And Other Fish Meat Without Bones; Fish Livers And Roes, Frozen",30374,"Mackerel (Scomber Scombrus, Scomber Australasicus, Scomber Japonicus), Excluding Fillets, Livers And Roes, Frozen",3037401,Of A Weight Less Than 600 Grammes,3120646.36,1669330,1.87,KG
2008,11,Norway,Import,Denmark,3,"Fish And Crustaceans, Molluscs And Other Aquatic Invertebrates",303,"Fish, Frozen, Excluding Fish Fillets And Other Fish Meat Without Bones; Fish Livers And Roes, Frozen",30374,"Mackerel (Scomber Scombrus, Scomber Australasicus, Scomber Japonicus), Excluding Fillets, Livers And Roes, Frozen",3037401,Of A Weight Less Than 600 Grammes,828406.7,580389,1.43,KG
2010,9,Norway,Import,Denmark,3,"Fish And Crustaceans, Molluscs And Other Aquatic Invertebrates",303,"Fish, Frozen, Excluding Fish Fillets And Other Fish Meat Without Bones; Fish Livers And Roes, Frozen",30374,"Mackerel (Scomber Scombrus, Scomber Australasicus, Scomber Japonicus), Excluding Fillets, Livers And Roes, Frozen",3037401,Of A Weight Less Than 600 Grammes,1279288.25,947140,1.35,KG
2010,10,Norway,Import,Denmark,3,"Fish And Crustaceans, Molluscs And Other Aquatic Invertebrates",303,"Fish, Frozen, Excluding Fish Fillets And Other Fish Meat Without Bones; Fish Livers And Roes, Frozen",30374,"Mackerel (Scomber Scombrus, Scomber Australasicus, Scomber Japonicus), Excluding Fillets, Livers And Roes, Frozen",3037401,Of A Weight Less Than 600 Grammes,5796981.34,3149078,1.84,KG
2011,10,Norway,Import,Denmark,3,"Fish And Crustaceans, Molluscs And Other Aquatic Invertebrates",303,"Fish, Frozen, Excluding Fish Fillets And Other Fish Meat Without Bones; Fish Livers And Roes, Frozen",30374,"Mackerel (Scomber Scombrus, Scomber Australasicus, Scomber Japonicus), Excluding Fillets, Livers And Roes, Frozen",3037401,Of A Weight Less Than 600 Grammes,3038738.28,1258522,2.41,KG
2011,11,Norway,Import,Denmark,3,"Fish And Crustaceans, Molluscs And Other Aquatic Invertebrates",303,"Fish, Frozen, Excluding Fish Fillets And Other Fish Meat Without Bones; Fish Livers And Roes, Frozen",30374,"Mackerel (Scomber Scombrus, Scomber Australasicus, Scomber Japonicus), Excluding Fillets, Livers And Roes, Frozen",3037401,Of A Weight Less Than 600 Grammes,2043817.92,835632,2.45,KG
2000,11,Norway,Import,Faroe Islands,3,"Fish And Crustaceans, Molluscs And Other Aquatic Invertebrates",303,"Fish, Frozen, Excluding Fish Fillets And Other Fish Meat Without Bones; Fish Livers And Roes, Frozen",30374,"Mackerel (Scomber Scombrus, Scomber Australasicus, Scomber Japonicus), Excluding Fillets, Livers And Roes, Frozen",3037401,Of A Weight Less Than 600 Grammes,95479.13,124715,0.77,KG
2006,11,Norway,Import,Faroe Islands,3,"Fish And Crustaceans, Molluscs And Other Aquatic Invertebrates",303,"Fish, Frozen, Excluding Fish Fillets And Other Fish Meat Without Bones; Fish Livers And Roes, Frozen",30374,"Mackerel (Scomber Scombrus, Scomber Australasicus, Scomber Japonicus), Excluding Fillets, Livers And Roes, Frozen",3037401,Of A Weight Less Than 600 Grammes,1200820.3,810300,1.48,KG
2008,11,Norway,Import,Faroe Islands,3,"Fish And Crustaceans, Molluscs And Other Aquatic Invertebrates",303,"Fish, Frozen, Excluding Fish Fillets And Other Fish Meat Without Bones; Fish Livers And Roes, Frozen",30374,"Mackerel (Scomber Scombrus, Scomber Australasicus, Scomber Japonicus), Excluding Fillets, Livers And Roes, Frozen",3037401,Of A Weight Less Than 600 Grammes,340245.49,198289,1.72,KG
2009,2,Norway,Import,Faroe Islands,3,"Fish And Crustaceans, Molluscs And Other Aquatic Invertebrates",303,"Fish, Frozen, Excluding Fish Fillets And Other Fish Meat Without Bones; Fish Livers And Roes, Frozen",30374,"Mackerel (Scomber Scombrus, Scomber Australasicus, Scomber Japonicus), Excluding Fillets, Livers And Roes, Frozen",3037401,Of A Weight Less Than 600 Grammes,1356029.95,1015879,1.33,KG
2007,5,Norway,Import,Germany,3,"Fish And Crustaceans, Molluscs And Other Aquatic Invertebrates",303,"Fish, Frozen, Excluding Fish Fillets And Other Fish Meat Without Bones; Fish Livers And Roes, Frozen",30374,"Mackerel (Scomber Scombrus, Scomber Australasicus, Scomber Japonicus), Excluding Fillets, Livers And Roes, Frozen",3037401,Of A Weight Less Than 600 Grammes,34201.59,25302,1.35,KG
2005,6,Norway,Import,Iceland,3,"Fish And Crustaceans, Molluscs And Other Aquatic Invertebrates",303,"Fish, Frozen, Excluding Fish Fillets And Other Fish Meat Without Bones; Fish Livers And Roes, Frozen",30374,"Mackerel (Scomber Scombrus, Scomber Australasicus, Scomber Japonicus), Excluding Fillets, Livers And Roes, Frozen",3037401,Of A Weight Less Than 600 Grammes,2205.56,550,4.01,KG
2000,9,Norway,Import,India,3,"Fish And Crustaceans, Molluscs And Other Aquatic Invertebrates",303,"Fish, Frozen, Excluding Fish Fillets And Other Fish Meat Without Bones; Fish Livers And Roes, Frozen",30374,"Mackerel (Scomber Scombrus, Scomber Australasicus, Scomber Japonicus), Excluding Fillets, Livers And Roes, Frozen",3037401,Of A Weight Less Than 600 Grammes,142.86,100,1.43,KG
2000,1,Norway,Import,Ireland,3,"Fish And Crustaceans, Molluscs And Other Aquatic Invertebrates",303,"Fish, Frozen, Excluding Fish Fillets And Other Fish Meat Without Bones; Fish Livers And Roes, Frozen",30374,"Mackerel (Scomber Scombrus, Scomber Australasicus, Scomber Japonicus), Excluding Fillets, Livers And Roes, Frozen",3037401,Of A Weight Less Than 600 Grammes,181384.21,300461,0.6,KG
2002,1,Norway,Import,Ireland,3,"Fish And Crustaceans, Molluscs And Other Aquatic Invertebrates",303,"Fish, Frozen, Excluding Fish Fillets And Other Fish Meat Without Bones; Fish Livers And Roes, Frozen",30374,"Mackerel (Scomber Scombrus, Scomber Australasicus, Scomber Japonicus), Excluding Fillets, Livers And Roes, Frozen",3037401,Of A Weight Less Than 600 Grammes,845890.47,994649,0.85,KG
2002,5,Norway,Import,Ireland,3,"Fish And Crustaceans, Molluscs And Other Aquatic Invertebrates",303,"Fish, Frozen, Excluding Fish Fillets And Other Fish Meat Without Bones; Fish Livers And Roes, Frozen",30374,"Mackerel (Scomber Scombrus, Scomber Australasicus, Scomber Japonicus), Excluding Fillets, Livers And Roes, Frozen",3037401,Of A Weight Less Than 600 Grammes,10455.45,5960,1.75,KG
2003,12,Norway,Import,Ireland,3,"Fish And Crustaceans, Molluscs And Other Aquatic Invertebrates",303,"Fish, Frozen, Excluding Fish Fillets And Other Fish Meat Without Bones; Fish Livers And Roes, Frozen",30374,"Mackerel (Scomber Scombrus, Scomber Australasicus, Scomber Japonicus), Excluding Fillets, Livers And Roes, Frozen",3037401,Of A Weight Less Than 600 Grammes,145084.96,236795,0.61,KG
2007,10,Norway,Import,Ireland,3,"Fish And Crustaceans, Molluscs And Other Aquatic Invertebrates",303,"Fish, Frozen, Excluding Fish Fillets And Other Fish Meat Without Bones; Fish Livers And Roes, Frozen",30374,"Mackerel (Scomber Scombrus, Scomber Australasicus, Scomber Japonicus), Excluding Fillets, Livers And Roes, Frozen",3037401,Of A Weight Less Than 600 Grammes,619263.08,434344,1.43,KG
2007,11,Norway,Import,Ireland,3,"Fish And Crustaceans, Molluscs And Other Aquatic Invertebrates",303,"Fish, Frozen, Excluding Fish Fillets And Other Fish Meat Without Bones; Fish Livers And Roes, Frozen",30374,"Mackerel (Scomber Scombrus, Scomber Australasicus, Scomber Japonicus), Excluding Fillets, Livers And Roes, Frozen",3037401,Of A Weight Less Than 600 Grammes,231904.32,147753,1.57,KG
2008,10,Norway,Import,Ireland,3,"Fish And Crustaceans, Molluscs And Other Aquatic Invertebrates",303,"Fish, Frozen, Excluding Fish Fillets And Other Fish Meat Without Bones; Fish Livers And Roes, Frozen",30374,"Mackerel (Scomber Scombrus, Scomber Australasicus, Scomber Japonicus), Excluding Fillets, Livers And Roes, Frozen",3037401,Of A Weight Less Than 600 Grammes,986607.54,687746,1.43,KG
2008,11,Norway,Import,Ireland,3,"Fish And Crustaceans, Molluscs And Other Aquatic Invertebrates",303,"Fish, Frozen, Excluding Fish Fillets And Other Fish Meat Without Bones; Fish Livers And Roes, Frozen",30374,"Mackerel (Scomber Scombrus, Scomber Australasicus, Scomber Japonicus), Excluding Fillets, Livers And Roes, Frozen",3037401,Of A Weight Less Than 600 Grammes,396400.49,233361,1.7,KG
2001,9,Norway,Import,Jordan,3,"Fish And Crustaceans, Molluscs And Other Aquatic Invertebrates",303,"Fish, Frozen, Excluding Fish Fillets And Other Fish Meat Without Bones; Fish Livers And Roes, Frozen",30374,"Mackerel (Scomber Scombrus, Scomber Australasicus, Scomber Japonicus), Excluding Fillets, Livers And Roes, Frozen",3037401,Of A Weight Less Than 600 Grammes,18247.6,23000,0.79,KG
2010,11,Norway,Import,Lithuania,3,"Fish And Crustaceans, Molluscs And Other Aquatic Invertebrates",303,"Fish, Frozen, Excluding Fish Fillets And Other Fish Meat Without Bones; Fish Livers And Roes, Frozen",30374,"Mackerel (Scomber Scombrus, Scomber Australasicus, Scomber Japonicus), Excluding Fillets, Livers And Roes, Frozen",3037401,Of A Weight Less Than 600 Grammes,6071.18,3620,1.68,KG
2000,3,Norway,Import,Netherlands,3,"Fish And Crustaceans, Molluscs And Other Aquatic Invertebrates",303,"Fish, Frozen, Excluding Fish Fillets And Other Fish Meat Without Bones; Fish Livers And Roes, Frozen",30374,"Mackerel (Scomber Scombrus, Scomber Australasicus, Scomber Japonicus), Excluding Fillets, Livers And Roes, Frozen",3037401,Of A Weight Less Than 600 Grammes,45270.51,50000,0.91,KG
2000,5,Norway,Import,Netherlands,3,"Fish And Crustaceans, Molluscs And Other Aquatic Invertebrates",303,"Fish, Frozen, Excluding Fish Fillets And Other Fish Meat Without Bones; Fish Livers And Roes, Frozen",30374,"Mackerel (Scomber Scombrus, Scomber Australasicus, Scomber Japonicus), Excluding Fillets, Livers And Roes, Frozen",3037401,Of A Weight Less Than 600 Grammes,240.46,150,1.6,KG
2001,1,Norway,Import,Netherlands,3,"Fish And Crustaceans, Molluscs And Other Aquatic Invertebrates",303,"Fish, Frozen, Excluding Fish Fillets And Other Fish Meat Without Bones; Fish Livers And Roes, Frozen",30374,"Mackerel (Scomber Scombrus, Scomber Australasicus, Scomber Japonicus), Excluding Fillets, Livers And Roes, Frozen",3037401,Of A Weight Less Than 600 Grammes,21066.54,26250,0.8,KG
2001,7,Norway,Import,Netherlands,3,"Fish And Crustaceans, Molluscs And Other Aquatic Invertebrates",303,"Fish, Frozen, Excluding Fish Fillets And Other Fish Meat Without Bones; Fish Livers And Roes, Frozen",30374,"Mackerel (Scomber Scombrus, Scomber Australasicus, Scomber Japonicus), Excluding Fillets, Livers And Roes, Frozen",3037401,Of A Weight Less Than 600 Grammes,160916.54,222720,0.72,KG
2001,10,Norway,Import,Netherlands,3,"Fish And Crustaceans, Molluscs And Other Aquatic Invertebrates",303,"Fish, Frozen, Excluding Fish Fillets And Other Fish Meat Without Bones; Fish Livers And Roes, Frozen",30374,"Mackerel (Scomber Scombrus, Scomber Australasicus, Scomber Japonicus), Excluding Fillets, Livers And Roes, Frozen",3037401,Of A Weight Less Than 600 Grammes,1575.81,920,1.71,KG
2004,7,Norway,Import,Netherlands,3,"Fish And Crustaceans, Molluscs And Other Aquatic Invertebrates",303,"Fish, Frozen, Excluding Fish Fillets And Other Fish Meat Without Bones; Fish Livers And Roes, Frozen",30374,"Mackerel (Scomber Scombrus, Scomber Australasicus, Scomber Japonicus), Excluding Fillets, Livers And Roes, Frozen",3037401,Of A Weight Less Than 600 Grammes,2186.3,370,5.91,KG
2008,5,Norway,Import,Netherlands,3,"Fish And Crustaceans, Molluscs And Other Aquatic Invertebrates",303,"Fish, Frozen, Excluding Fish Fillets And Other Fish Meat Without Bones; Fish Livers And Roes, Frozen",30374,"Mackerel (Scomber Scombrus, Scomber Australasicus, Scomber Japonicus), Excluding Fillets, Livers And Roes, Frozen",3037401,Of A Weight Less Than 600 Grammes,52849.26,23200,2.28,KG
2011,7,Norway,Import,Netherlands,3,"Fish And Crustaceans, Molluscs And Other Aquatic Invertebrates",303,"Fish, Frozen, Excluding Fish Fillets And Other Fish Meat Without Bones; Fish Livers And Roes, Frozen",30374,"Mackerel (Scomber Scombrus, Scomber Australasicus, Scomber Japonicus), Excluding Fillets, Livers And Roes, Frozen",3037401,Of A Weight Less Than 600 Grammes,11794.43,2800,4.21,KG
2000,3,Norway,Import,Poland,3,"Fish And Crustaceans, Molluscs And Other Aquatic Invertebrates",303,"Fish, Frozen, Excluding Fish Fillets And Other Fish Meat Without Bones; Fish Livers And Roes, Frozen",30374,"Mackerel (Scomber Scombrus, Scomber Australasicus, Scomber Japonicus), Excluding Fillets, Livers And Roes, Frozen",3037401,Of A Weight Less Than 600 Grammes,197366.22,298000,0.66,KG
2000,4,Norway,Import,Poland,3,"Fish And Crustaceans, Molluscs And Other Aquatic Invertebrates",303,"Fish, Frozen, Excluding Fish Fillets And Other Fish Meat Without Bones; Fish Livers And Roes, Frozen",30374,"Mackerel (Scomber Scombrus, Scomber Australasicus, Scomber Japonicus), Excluding Fillets, Livers And Roes, Frozen",3037401,Of A Weight Less Than 600 Grammes,82358.58,151390,0.54,KG
2001,4,Norway,Import,Poland,3,"Fish And Crustaceans, Molluscs And Other Aquatic Invertebrates",303,"Fish, Frozen, Excluding Fish Fillets And Other Fish Meat Without Bones; Fish Livers And Roes, Frozen",30374,"Mackerel (Scomber Scombrus, Scomber Australasicus, Scomber Japonicus), Excluding Fillets, Livers And Roes, Frozen",3037401,Of A Weight Less Than 600 Grammes,5840.3,6000,0.97,KG
2001,8,Norway,Import,Poland,3,"Fish And Crustaceans, Molluscs And Other Aquatic Invertebrates",303,"Fish, Frozen, Excluding Fish Fillets And Other Fish Meat Without Bones; Fish Livers And Roes, Frozen",30374,"Mackerel (Scomber Scombrus, Scomber Australasicus, Scomber Japonicus), Excluding Fillets, Livers And Roes, Frozen",3037401,Of A Weight Less Than 600 Grammes,3705.37,4360,0.85,KG
2004,12,Norway,Import,Romania,3,"Fish And Crustaceans, Molluscs And Other Aquatic Invertebrates",303,"Fish, Frozen, Excluding Fish Fillets And Other Fish Meat Without Bones; Fish Livers And Roes, Frozen",30374,"Mackerel (Scomber Scombrus, Scomber Australasicus, Scomber Japonicus), Excluding Fillets, Livers And Roes, Frozen",3037401,Of A Weight Less Than 600 Grammes,27170.73,25000,1.09,KG
2001,3,Norway,Import,Russia,3,"Fish And Crustaceans, Molluscs And Other Aquatic Invertebrates",303,"Fish, Frozen, Excluding Fish Fillets And Other Fish Meat Without Bones; Fish Livers And Roes, Frozen",30374,"Mackerel (Scomber Scombrus, Scomber Australasicus, Scomber Japonicus), Excluding Fillets, Livers And Roes, Frozen",3037401,Of A Weight Less Than 600 Grammes,2036.97,1144,1.78,KG
2002,10,Norway,Import,Russia,3,"Fish And Crustaceans, Molluscs And Other Aquatic Invertebrates",303,"Fish, Frozen, Excluding Fish Fillets And Other Fish Meat Without Bones; Fish Livers And Roes, Frozen",30374,"Mackerel (Scomber Scombrus, Scomber Australasicus, Scomber Japonicus), Excluding Fillets, Livers And Roes, Frozen",3037401,Of A Weight Less Than 600 Grammes,143752.48,185572,0.77,KG
2006,9,Norway,Import,Spain,3,"Fish And Crustaceans, Molluscs And Other Aquatic Invertebrates",303,"Fish, Frozen, Excluding Fish Fillets And Other Fish Meat Without Bones; Fish Livers And Roes, Frozen",30374,"Mackerel (Scomber Scombrus, Scomber Australasicus, Scomber Japonicus), Excluding Fillets, Livers And Roes, Frozen",3037401,Of A Weight Less Than 600 Grammes,1973.14,1073,1.84,KG
2000,9,Norway,Import,Sweden,3,"Fish And Crustaceans, Molluscs And Other Aquatic Invertebrates",303,"Fish, Frozen, Excluding Fish Fillets And Other Fish Meat Without Bones; Fish Livers And Roes, Frozen",30374,"Mackerel (Scomber Scombrus, Scomber Australasicus, Scomber Japonicus), Excluding Fillets, Livers And Roes, Frozen",3037401,Of A Weight Less Than 600 Grammes,220314.64,363662,0.61,KG
2000,10,Norway,Import,Sweden,3,"Fish And Crustaceans, Molluscs And Other Aquatic Invertebrates",303,"Fish, Frozen, Excluding Fish Fillets And Other Fish Meat Without Bones; Fish Livers And Roes, Frozen",30374,"Mackerel (Scomber Scombrus, Scomber Australasicus, Scomber Japonicus), Excluding Fillets, Livers And Roes, Frozen",3037401,Of A Weight Less Than 600 Grammes,26112.33,46124,0.57,KG
2002,5,Norway,Import,Sweden,3,"Fish And Crustaceans, Molluscs And Other Aquatic Invertebrates",303,"Fish, Frozen, Excluding Fish Fillets And Other Fish Meat Without Bones; Fish Livers And Roes, Frozen",30374,"Mackerel (Scomber Scombrus, Scomber Australasicus, Scomber Japonicus), Excluding Fillets, Livers And Roes, Frozen",3037401,Of A Weight Less Than 600 Grammes,2074.95,1000,2.07,KG
2007,9,Norway,Import,Sweden,3,"Fish And Crustaceans, Molluscs And Other Aquatic Invertebrates",303,"Fish, Frozen, Excluding Fish Fillets And Other Fish Meat Without Bones; Fish Livers And Roes, Frozen",30374,"Mackerel (Scomber Scombrus, Scomber Australasicus, Scomber Japonicus), Excluding Fillets, Livers And Roes, Frozen",3037401,Of A Weight Less Than 600 Grammes,395145.77,267175,1.48,KG
2007,10,Norway,Import,Sweden,3,"Fish And Crustaceans, Molluscs And Other Aquatic Invertebrates",303,"Fish, Frozen, Excluding Fish Fillets And Other Fish Meat Without Bones; Fish Livers And Roes, Frozen",30374,"Mackerel (Scomber Scombrus, Scomber Australasicus, Scomber Japonicus), Excluding Fillets, Livers And Roes, Frozen",3037401,Of A Weight Less Than 600 Grammes,611628.55,355574,1.72,KG
2010,3,Norway,Import,Sweden,3,"Fish And Crustaceans, Molluscs And Other Aquatic Invertebrates",303,"Fish, Frozen, Excluding Fish Fillets And Other Fish Meat Without Bones; Fish Livers And Roes, Frozen",30374,"Mackerel (Scomber Scombrus, Scomber Australasicus, Scomber Japonicus), Excluding Fillets, Livers And Roes, Frozen",3037401,Of A Weight Less Than 600 Grammes,9362.54,2300,4.07,KG
2011,2,Norway,Import,Sweden,3,"Fish And Crustaceans, Molluscs And Other Aquatic Invertebrates",303,"Fish, Frozen, Excluding Fish Fillets And Other Fish Meat Without Bones; Fish Livers And Roes, Frozen",30374,"Mackerel (Scomber Scombrus, Scomber Australasicus, Scomber Japonicus), Excluding Fillets, Livers And Roes, Frozen",3037401,Of A Weight Less Than 600 Grammes,666.1,112,5.95,KG
2011,12,Norway,Import,Sweden,3,"Fish And Crustaceans, Molluscs And Other Aquatic Invertebrates",303,"Fish, Frozen, Excluding Fish Fillets And Other Fish Meat Without Bones; Fish Livers And Roes, Frozen",30374,"Mackerel (Scomber Scombrus, Scomber Australasicus, Scomber Japonicus), Excluding Fillets, Livers And Roes, Frozen",3037401,Of A Weight Less Than 600 Grammes,818,112,7.3,KG
2005,7,Norway,Import,Taiwan,3,"Fish And Crustaceans, Molluscs And Other Aquatic Invertebrates",303,"Fish, Frozen, Excluding Fish Fillets And Other Fish Meat Without Bones; Fish Livers And Roes, Frozen",30374,"Mackerel (Scomber Scombrus, Scomber Australasicus, Scomber Japonicus), Excluding Fillets, Livers And Roes, Frozen",3037401,Of A Weight Less Than 600 Grammes,376.24,299,1.26,KG
2005,8,Norway,Import,Taiwan,3,"Fish And Crustaceans, Molluscs And Other Aquatic Invertebrates",303,"Fish, Frozen, Excluding Fish Fillets And Other Fish Meat Without Bones; Fish Livers And Roes, Frozen",30374,"Mackerel (Scomber Scombrus, Scomber Australasicus, Scomber Japonicus), Excluding Fillets, Livers And Roes, Frozen",3037401,Of A Weight Less Than 600 Grammes,14846.74,9450,1.57,KG
2004,11,Norway,Import,Thailand,3,"Fish And Crustaceans, Molluscs And Other Aquatic Invertebrates",303,"Fish, Frozen, Excluding Fish Fillets And Other Fish Meat Without Bones; Fish Livers And Roes, Frozen",30374,"Mackerel (Scomber Scombrus, Scomber Australasicus, Scomber Japonicus), Excluding Fillets, Livers And Roes, Frozen",3037401,Of A Weight Less Than 600 Grammes,2009.89,500,4.02,KG
2005,6,Norway,Import,Thailand,3,"Fish And Crustaceans, Molluscs And Other Aquatic Invertebrates",303,"Fish, Frozen, Excluding Fish Fillets And Other Fish Meat Without Bones; Fish Livers And Roes, Frozen",30374,"Mackerel (Scomber Scombrus, Scomber Australasicus, Scomber Japonicus), Excluding Fillets, Livers And Roes, Frozen",3037401,Of A Weight Less Than 600 Grammes,5907.2,1500,3.94,KG
2005,12,Norway,Import,Thailand,3,"Fish And Crustaceans, Molluscs And Other Aquatic Invertebrates",303,"Fish, Frozen, Excluding Fish Fillets And Other Fish Meat Without Bones; Fish Livers And Roes, Frozen",30374,"Mackerel (Scomber Scombrus, Scomber Australasicus, Scomber Japonicus), Excluding Fillets, Livers And Roes, Frozen",3037401,Of A Weight Less Than 600 Grammes,3915.71,1000,3.92,KG
2006,5,Norway,Import,Thailand,3,"Fish And Crustaceans, Molluscs And Other Aquatic Invertebrates",303,"Fish, Frozen, Excluding Fish Fillets And Other Fish Meat Without Bones; Fish Livers And Roes, Frozen",30374,"Mackerel (Scomber Scombrus, Scomber Australasicus, Scomber Japonicus), Excluding Fillets, Livers And Roes, Frozen",3037401,Of A Weight Less Than 600 Grammes,2969.53,1000,2.97,KG
2007,1,Norway,Import,Turkey,3,"Fish And Crustaceans, Molluscs And Other Aquatic Invertebrates",303,"Fish, Frozen, Excluding Fish Fillets And Other Fish Meat Without Bones; Fish Livers And Roes, Frozen",30374,"Mackerel (Scomber Scombrus, Scomber Australasicus, Scomber Japonicus), Excluding Fillets, Livers And Roes, Frozen",3037401,Of A Weight Less Than 600 Grammes,29684.71,15000,1.98,KG
2007,2,Norway,Import,Turkey,3,"Fish And Crustaceans, Molluscs And Other Aquatic Invertebrates",303,"Fish, Frozen, Excluding Fish Fillets And Other Fish Meat Without Bones; Fish Livers And Roes, Frozen",30374,"Mackerel (Scomber Scombrus, Scomber Australasicus, Scomber Japonicus), Excluding Fillets, Livers And Roes, Frozen",3037401,Of A Weight Less Than 600 Grammes,110557.71,76500,1.45,KG
2007,3,Norway,Import,Turkey,3,"Fish And Crustaceans, Molluscs And Other Aquatic Invertebrates",303,"Fish, Frozen, Excluding Fish Fillets And Other Fish Meat Without Bones; Fish Livers And Roes, Frozen",30374,"Mackerel (Scomber Scombrus, Scomber Australasicus, Scomber Japonicus), Excluding Fillets, Livers And Roes, Frozen",3037401,Of A Weight Less Than 600 Grammes,99799.35,75000,1.33,KG
2007,5,Norway,Import,Turkey,3,"Fish And Crustaceans, Molluscs And Other Aquatic Invertebrates",303,"Fish, Frozen, Excluding Fish Fillets And Other Fish Meat Without Bones; Fish Livers And Roes, Frozen",30374,"Mackerel (Scomber Scombrus, Scomber Australasicus, Scomber Japonicus), Excluding Fillets, Livers And Roes, Frozen",3037401,Of A Weight Less Than 600 Grammes,169057.46,100800,1.68,KG
2007,10,Norway,Import,Turkey,3,"Fish And Crustaceans, Molluscs And Other Aquatic Invertebrates",303,"Fish, Frozen, Excluding Fish Fillets And Other Fish Meat Without Bones; Fish Livers And Roes, Frozen",30374,"Mackerel (Scomber Scombrus, Scomber Australasicus, Scomber Japonicus), Excluding Fillets, Livers And Roes, Frozen",3037401,Of A Weight Less Than 600 Grammes,24434.04,20000,1.22,KG
2007,11,Norway,Import,Turkey,3,"Fish And Crustaceans, Molluscs And Other Aquatic Invertebrates",303,"Fish, Frozen, Excluding Fish Fillets And Other Fish Meat Without Bones; Fish Livers And Roes, Frozen",30374,"Mackerel (Scomber Scombrus, Scomber Australasicus, Scomber Japonicus), Excluding Fillets, Livers And Roes, Frozen",3037401,Of A Weight Less Than 600 Grammes,192037.82,104000,1.85,KG
2008,3,Norway,Import,Turkey,3,"Fish And Crustaceans, Molluscs And Other Aquatic Invertebrates",303,"Fish, Frozen, Excluding Fish Fillets And Other Fish Meat Without Bones; Fish Livers And Roes, Frozen",30374,"Mackerel (Scomber Scombrus, Scomber Australasicus, Scomber Japonicus), Excluding Fillets, Livers And Roes, Frozen",3037401,Of A Weight Less Than 600 Grammes,190247.6,104000,1.83,KG
2008,4,Norway,Import,Turkey,3,"Fish And Crustaceans, Molluscs And Other Aquatic Invertebrates",303,"Fish, Frozen, Excluding Fish Fillets And Other Fish Meat Without Bones; Fish Livers And Roes, Frozen",30374,"Mackerel (Scomber Scombrus, Scomber Australasicus, Scomber Japonicus), Excluding Fillets, Livers And Roes, Frozen",3037401,Of A Weight Less Than 600 Grammes,5484.66,2520,2.18,KG
2008,7,Norway,Import,Turkey,3,"Fish And Crustaceans, Molluscs And Other Aquatic Invertebrates",303,"Fish, Frozen, Excluding Fish Fillets And Other Fish Meat Without Bones; Fish Livers And Roes, Frozen",30374,"Mackerel (Scomber Scombrus, Scomber Australasicus, Scomber Japonicus), Excluding Fillets, Livers And Roes, Frozen",3037401,Of A Weight Less Than 600 Grammes,23271.3,13200,1.76,KG
2000,1,Norway,Import,United Kingdom,3,"Fish And Crustaceans, Molluscs And Other Aquatic Invertebrates",303,"Fish, Frozen, Excluding Fish Fillets And Other Fish Meat Without Bones; Fish Livers And Roes, Frozen",30374,"Mackerel (Scomber Scombrus, Scomber Australasicus, Scomber Japonicus), Excluding Fillets, Livers And Roes, Frozen",3037401,Of A Weight Less Than 600 Grammes,2297831.69,5153862,0.45,KG
2000,2,Norway,Import,United Kingdom,3,"Fish And Crustaceans, Molluscs And Other Aquatic Invertebrates",303,"Fish, Frozen, Excluding Fish Fillets And Other Fish Meat Without Bones; Fish Livers And Roes, Frozen",30374,"Mackerel (Scomber Scombrus, Scomber Australasicus, Scomber Japonicus), Excluding Fillets, Livers And Roes, Frozen",3037401,Of A Weight Less Than 600 Grammes,1789831.28,4027751,0.44,KG
2000,4,Norway,Import,United Kingdom,3,"Fish And Crustaceans, Molluscs And Other Aquatic Invertebrates",303,"Fish, Frozen, Excluding Fish Fillets And Other Fish Meat Without Bones; Fish Livers And Roes, Frozen",30374,"Mackerel (Scomber Scombrus, Scomber Australasicus, Scomber Japonicus), Excluding Fillets, Livers And Roes, Frozen",3037401,Of A Weight Less Than 600 Grammes,2277.68,3000,0.76,KG
2000,10,Norway,Import,United Kingdom,3,"Fish And Crustaceans, Molluscs And Other Aquatic Invertebrates",303,"Fish, Frozen, Excluding Fish Fillets And Other Fish Meat Without Bones; Fish Livers And Roes, Frozen",30374,"Mackerel (Scomber Scombrus, Scomber Australasicus, Scomber Japonicus), Excluding Fillets, Livers And Roes, Frozen",3037401,Of A Weight Less Than 600 Grammes,924721.32,1528444,0.61,KG
2000,11,Norway,Import,United Kingdom,3,"Fish And Crustaceans, Molluscs And Other Aquatic Invertebrates",303,"Fish, Frozen, Excluding Fish Fillets And Other Fish Meat Without Bones; Fish Livers And Roes, Frozen",30374,"Mackerel (Scomber Scombrus, Scomber Australasicus, Scomber Japonicus), Excluding Fillets, Livers And Roes, Frozen",3037401,Of A Weight Less Than 600 Grammes,2481394.39,3626878,0.68,KG
2000,12,Norway,Import,United Kingdom,3,"Fish And Crustaceans, Molluscs And Other Aquatic Invertebrates",303,"Fish, Frozen, Excluding Fish Fillets And Other Fish Meat Without Bones; Fish Livers And Roes, Frozen",30374,"Mackerel (Scomber Scombrus, Scomber Australasicus, Scomber Japonicus), Excluding Fillets, Livers And Roes, Frozen",3037401,Of A Weight Less Than 600 Grammes,3695.04,4000,0.92,KG
2001,1,Norway,Import,United Kingdom,3,"Fish And Crustaceans, Molluscs And Other Aquatic Invertebrates",303,"Fish, Frozen, Excluding Fish Fillets And Other Fish Meat Without Bones; Fish Livers And Roes, Frozen",30374,"Mackerel (Scomber Scombrus, Scomber Australasicus, Scomber Japonicus), Excluding Fillets, Livers And Roes, Frozen",3037401,Of A Weight Less Than 600 Grammes,2145780.69,3578672,0.6,KG
2001,10,Norway,Import,United Kingdom,3,"Fish And Crustaceans, Molluscs And Other Aquatic Invertebrates",303,"Fish, Frozen, Excluding Fish Fillets And Other Fish Meat Without Bones; Fish Livers And Roes, Frozen",30374,"Mackerel (Scomber Scombrus, Scomber Australasicus, Scomber Japonicus), Excluding Fillets, Livers And Roes, Frozen",3037401,Of A Weight Less Than 600 Grammes,776407.29,1024494,0.76,KG
2002,1,Norway,Import,United Kingdom,3,"Fish And Crustaceans, Molluscs And Other Aquatic Invertebrates",303,"Fish, Frozen, Excluding Fish Fillets And Other Fish Meat Without Bones; Fish Livers And Roes, Frozen",30374,"Mackerel (Scomber Scombrus, Scomber Australasicus, Scomber Japonicus), Excluding Fillets, Livers And Roes, Frozen",3037401,Of A Weight Less Than 600 Grammes,750338.64,910799,0.82,KG
2002,3,Norway,Import,United Kingdom,3,"Fish And Crustaceans, Molluscs And Other Aquatic Invertebrates",303,"Fish, Frozen, Excluding Fish Fillets And Other Fish Meat Without Bones; Fish Livers And Roes, Frozen",30374,"Mackerel (Scomber Scombrus, Scomber Australasicus, Scomber Japonicus), Excluding Fillets, Livers And Roes, Frozen",3037401,Of A Weight Less Than 600 Grammes,3844.47,3500,1.1,KG
2003,1,Norway,Import,United Kingdom,3,"Fish And Crustaceans, Molluscs And Other Aquatic Invertebrates",303,"Fish, Frozen, Excluding Fish Fillets And Other Fish Meat Without Bones; Fish Livers And Roes, Frozen",30374,"Mackerel (Scomber Scombrus, Scomber Australasicus, Scomber Japonicus), Excluding Fillets, Livers And Roes, Frozen",3037401,Of A Weight Less Than 600 Grammes,5597.07,4000,1.4,KG
2003,2,Norway,Import,United Kingdom,3,"Fish And Crustaceans, Molluscs And Other Aquatic Invertebrates",303,"Fish, Frozen, Excluding Fish Fillets And Other Fish Meat Without Bones; Fish Livers And Roes, Frozen",30374,"Mackerel (Scomber Scombrus, Scomber Australasicus, Scomber Japonicus), Excluding Fillets, Livers And Roes, Frozen",3037401,Of A Weight Less Than 600 Grammes,488799.78,669773,0.73,KG
2003,3,Norway,Import,United Kingdom,3,"Fish And Crustaceans, Molluscs And Other Aquatic Invertebrates",303,"Fish, Frozen, Excluding Fish Fillets And Other Fish Meat Without Bones; Fish Livers And Roes, Frozen",30374,"Mackerel (Scomber Scombrus, Scomber Australasicus, Scomber Japonicus), Excluding Fillets, Livers And Roes, Frozen",3037401,Of A Weight Less Than 600 Grammes,175283.67,271354,0.65,KG
2005,11,Norway,Import,United Kingdom,3,"Fish And Crustaceans, Molluscs And Other Aquatic Invertebrates",303,"Fish, Frozen, Excluding Fish Fillets And Other Fish Meat Without Bones; Fish Livers And Roes, Frozen",30374,"Mackerel (Scomber Scombrus, Scomber Australasicus, Scomber Japonicus), Excluding Fillets, Livers And Roes, Frozen",3037401,Of A Weight Less Than 600 Grammes,129488.1,163111,0.79,KG
2006,2,Norway,Import,United Kingdom,3,"Fish And Crustaceans, Molluscs And Other Aquatic Invertebrates",303,"Fish, Frozen, Excluding Fish Fillets And Other Fish Meat Without Bones; Fish Livers And Roes, Frozen",30374,"Mackerel (Scomber Scombrus, Scomber Australasicus, Scomber Japonicus), Excluding Fillets, Livers And Roes, Frozen",3037401,Of A Weight Less Than 600 Grammes,27580.49,9600,2.87,KG
2006,3,Norway,Import,United Kingdom,3,"Fish And Crustaceans, Molluscs And Other Aquatic Invertebrates",303,"Fish, Frozen, Excluding Fish Fillets And Other Fish Meat Without Bones; Fish Livers And Roes, Frozen",30374,"Mackerel (Scomber Scombrus, Scomber Australasicus, Scomber Japonicus), Excluding Fillets, Livers And Roes, Frozen",3037401,Of A Weight Less Than 600 Grammes,28083.3,9600,2.93,KG
2007,1,Norway,Import,United Kingdom,3,"Fish And Crustaceans, Molluscs And Other Aquatic Invertebrates",303,"Fish, Frozen, Excluding Fish Fillets And Other Fish Meat Without Bones; Fish Livers And Roes, Frozen",30374,"Mackerel (Scomber Scombrus, Scomber Australasicus, Scomber Japonicus), Excluding Fillets, Livers And Roes, Frozen",3037401,Of A Weight Less Than 600 Grammes,838028.3,663292,1.26,KG
2007,3,Norway,Import,United Kingdom,3,"Fish And Crustaceans, Molluscs And Other Aquatic Invertebrates",303,"Fish, Frozen, Excluding Fish Fillets And Other Fish Meat Without Bones; Fish Livers And Roes, Frozen",30374,"Mackerel (Scomber Scombrus, Scomber Australasicus, Scomber Japonicus), Excluding Fillets, Livers And Roes, Frozen",3037401,Of A Weight Less Than 600 Grammes,727580.83,535000,1.36,KG
2007,5,Norway,Import,United Kingdom,3,"Fish And Crustaceans, Molluscs And Other Aquatic Invertebrates",303,"Fish, Frozen, Excluding Fish Fillets And Other Fish Meat Without Bones; Fish Livers And Roes, Frozen",30374,"Mackerel (Scomber Scombrus, Scomber Australasicus, Scomber Japonicus), Excluding Fillets, Livers And Roes, Frozen",3037401,Of A Weight Less Than 600 Grammes,417048.33,291100,1.43,KG
2010,3,Norway,Import,United Kingdom,3,"Fish And Crustaceans, Molluscs And Other Aquatic Invertebrates",303,"Fish, Frozen, Excluding Fish Fillets And Other Fish Meat Without Bones; Fish Livers And Roes, Frozen",30374,"Mackerel (Scomber Scombrus, Scomber Australasicus, Scomber Japonicus), Excluding Fillets, Livers And Roes, Frozen",3037401,Of A Weight Less Than 600 Grammes,160996.73,100800,1.6,KG
2002,11,Norway,Import,United States,3,"Fish And Crustaceans, Molluscs And Other Aquatic Invertebrates",303,"Fish, Frozen, Excluding Fish Fillets And Other Fish Meat Without Bones; Fish Livers And Roes, Frozen",30374,"Mackerel (Scomber Scombrus, Scomber Australasicus, Scomber Japonicus), Excluding Fillets, Livers And Roes, Frozen",3037401,Of A Weight Less Than 600 Grammes,2118.05,2811,0.75,KG
2005,8,Norway,Import,United States,3,"Fish And Crustaceans, Molluscs And Other Aquatic Invertebrates",303,"Fish, Frozen, Excluding Fish Fillets And Other Fish Meat Without Bones; Fish Livers And Roes, Frozen",30374,"Mackerel (Scomber Scombrus, Scomber Australasicus, Scomber Japonicus), Excluding Fillets, Livers And Roes, Frozen",3037401,Of A Weight Less Than 600 Grammes,99249.92,138980,0.71,KG
2006,3,Norway,Import,United States,3,"Fish And Crustaceans, Molluscs And Other Aquatic Invertebrates",303,"Fish, Frozen, Excluding Fish Fillets And Other Fish Meat Without Bones; Fish Livers And Roes, Frozen",30374,"Mackerel (Scomber Scombrus, Scomber Australasicus, Scomber Japonicus), Excluding Fillets, Livers And Roes, Frozen",3037401,Of A Weight Less Than 600 Grammes,88029.92,94360,0.93,KG
2006,4,Norway,Import,United States,3,"Fish And Crustaceans, Molluscs And Other Aquatic Invertebrates",303,"Fish, Frozen, Excluding Fish Fillets And Other Fish Meat Without Bones; Fish Livers And Roes, Frozen",30374,"Mackerel (Scomber Scombrus, Scomber Australasicus, Scomber Japonicus), Excluding Fillets, Livers And Roes, Frozen",3037401,Of A Weight Less Than 600 Grammes,24326.05,24780,0.98,KG
2006,6,Norway,Import,United States,3,"Fish And Crustaceans, Molluscs And Other Aquatic Invertebrates",303,"Fish, Frozen, Excluding Fish Fillets And Other Fish Meat Without Bones; Fish Livers And Roes, Frozen",30374,"Mackerel (Scomber Scombrus, Scomber Australasicus, Scomber Japonicus), Excluding Fillets, Livers And Roes, Frozen",3037401,Of A Weight Less Than 600 Grammes,95907.53,115000,0.83,KG
2007,7,Norway,Import,United States,3,"Fish And Crustaceans, Molluscs And Other Aquatic Invertebrates",303,"Fish, Frozen, Excluding Fish Fillets And Other Fish Meat Without Bones; Fish Livers And Roes, Frozen",30374,"Mackerel (Scomber Scombrus, Scomber Australasicus, Scomber Japonicus), Excluding Fillets, Livers And Roes, Frozen",3037401,Of A Weight Less Than 600 Grammes,132668.02,154760,0.86,KG
2008,7,Norway,Import,United States,3,"Fish And Crustaceans, Molluscs And Other Aquatic Invertebrates",303,"Fish, Frozen, Excluding Fish Fillets And Other Fish Meat Without Bones; Fish Livers And Roes, Frozen",30374,"Mackerel (Scomber Scombrus, Scomber Australasicus, Scomber Japonicus), Excluding Fillets, Livers And Roes, Frozen",3037401,Of A Weight Less Than 600 Grammes,44387.86,26000,1.71,KG
2000,1,Norway,Import,Vietnam,3,"Fish And Crustaceans, Molluscs And Other Aquatic Invertebrates",303,"Fish, Frozen, Excluding Fish Fillets And Other Fish Meat Without Bones; Fish Livers And Roes, Frozen",30374,"Mackerel (Scomber Scombrus, Scomber Australasicus, Scomber Japonicus), Excluding Fillets, Livers And Roes, Frozen",3037401,Of A Weight Less Than 600 Grammes,916.24,250,3.66,KG
2000,8,Norway,Import,Vietnam,3,"Fish And Crustaceans, Molluscs And Other Aquatic Invertebrates",303,"Fish, Frozen, Excluding Fish Fillets And Other Fish Meat Without Bones; Fish Livers And Roes, Frozen",30374,"Mackerel (Scomber Scombrus, Scomber Australasicus, Scomber Japonicus), Excluding Fillets, Livers And Roes, Frozen",3037401,Of A Weight Less Than 600 Grammes,1489.62,480,3.1,KG
2006,5,Norway,Import,Vietnam,3,"Fish And Crustaceans, Molluscs And Other Aquatic Invertebrates",303,"Fish, Frozen, Excluding Fish Fillets And Other Fish Meat Without Bones; Fish Livers And Roes, Frozen",30374,"Mackerel (Scomber Scombrus, Scomber Australasicus, Scomber Japonicus), Excluding Fillets, Livers And Roes, Frozen",3037401,Of A Weight Less Than 600 Grammes,678.41,150,4.52,KG
2007,5,Norway,Import,Vietnam,3,"Fish And Crustaceans, Molluscs And Other Aquatic Invertebrates",303,"Fish, Frozen, Excluding Fish Fillets And Other Fish Meat Without Bones; Fish Livers And Roes, Frozen",30374,"Mackerel (Scomber Scombrus, Scomber Australasicus, Scomber Japonicus), Excluding Fillets, Livers And Roes, Frozen",3037401,Of A Weight Less Than 600 Grammes,1937.89,720,2.69,KG
2007,7,Norway,Import,Vietnam,3,"Fish And Crustaceans, Molluscs And Other Aquatic Invertebrates",303,"Fish, Frozen, Excluding Fish Fillets And Other Fish Meat Without Bones; Fish Livers And Roes, Frozen",30374,"Mackerel (Scomber Scombrus, Scomber Australasicus, Scomber Japonicus), Excluding Fillets, Livers And Roes, Frozen",3037401,Of A Weight Less Than 600 Grammes,1333.4,200,6.67,KG
2007,12,Norway,Import,Vietnam,3,"Fish And Crustaceans, Molluscs And Other Aquatic Invertebrates",303,"Fish, Frozen, Excluding Fish Fillets And Other Fish Meat Without Bones; Fish Livers And Roes, Frozen",30374,"Mackerel (Scomber Scombrus, Scomber Australasicus, Scomber Japonicus), Excluding Fillets, Livers And Roes, Frozen",3037401,Of A Weight Less Than 600 Grammes,1262.73,260,4.86,KG
2004,10,Norway,Import,Canada,3,"Fish And Crustaceans, Molluscs And Other Aquatic Invertebrates",303,"Fish, Frozen, Excluding Fish Fillets And Other Fish Meat Without Bones; Fish Livers And Roes, Frozen",30374,"Mackerel (Scomber Scombrus, Scomber Australasicus, Scomber Japonicus), Excluding Fillets, Livers And Roes, Frozen",3037402,Of A Weight 600 Grammes Or More,36956.65,28680,1.29,KG
2000,1,Norway,Import,Denmark,3,"Fish And Crustaceans, Molluscs And Other Aquatic Invertebrates",303,"Fish, Frozen, Excluding Fish Fillets And Other Fish Meat Without Bones; Fish Livers And Roes, Frozen",30374,"Mackerel (Scomber Scombrus, Scomber Australasicus, Scomber Japonicus), Excluding Fillets, Livers And Roes, Frozen",3037402,Of A Weight 600 Grammes Or More,28828.28,24324,1.19,KG
2002,11,Norway,Import,Denmark,3,"Fish And Crustaceans, Molluscs And Other Aquatic Invertebrates",303,"Fish, Frozen, Excluding Fish Fillets And Other Fish Meat Without Bones; Fish Livers And Roes, Frozen",30374,"Mackerel (Scomber Scombrus, Scomber Australasicus, Scomber Japonicus), Excluding Fillets, Livers And Roes, Frozen",3037402,Of A Weight 600 Grammes Or More,137069.59,132465,1.03,KG
2004,8,Norway,Import,Denmark,3,"Fish And Crustaceans, Molluscs And Other Aquatic Invertebrates",303,"Fish, Frozen, Excluding Fish Fillets And Other Fish Meat Without Bones; Fish Livers And Roes, Frozen",30374,"Mackerel (Scomber Scombrus, Scomber Australasicus, Scomber Japonicus), Excluding Fillets, Livers And Roes, Frozen",3037402,Of A Weight 600 Grammes Or More,1163.89,600,1.94,KG
2005,2,Norway,Import,Denmark,3,"Fish And Crustaceans, Molluscs And Other Aquatic Invertebrates",303,"Fish, Frozen, Excluding Fish Fillets And Other Fish Meat Without Bones; Fish Livers And Roes, Frozen",30374,"Mackerel (Scomber Scombrus, Scomber Australasicus, Scomber Japonicus), Excluding Fillets, Livers And Roes, Frozen",3037402,Of A Weight 600 Grammes Or More,2844.75,1000,2.84,KG
2008,7,Norway,Import,Denmark,3,"Fish And Crustaceans, Molluscs And Other Aquatic Invertebrates",303,"Fish, Frozen, Excluding Fish Fillets And Other Fish Meat Without Bones; Fish Livers And Roes, Frozen",30374,"Mackerel (Scomber Scombrus, Scomber Australasicus, Scomber Japonicus), Excluding Fillets, Livers And Roes, Frozen",3037402,Of A Weight 600 Grammes Or More,4576.49,1000,4.58,KG
2008,8,Norway,Import,Denmark,3,"Fish And Crustaceans, Molluscs And Other Aquatic Invertebrates",303,"Fish, Frozen, Excluding Fish Fillets And Other Fish Meat Without Bones; Fish Livers And Roes, Frozen",30374,"Mackerel (Scomber Scombrus, Scomber Australasicus, Scomber Japonicus), Excluding Fillets, Livers And Roes, Frozen",3037402,Of A Weight 600 Grammes Or More,4367.07,1000,4.37,KG
2004,2,Norway,Import,Estonia,3,"Fish And Crustaceans, Molluscs And Other Aquatic Invertebrates",303,"Fish, Frozen, Excluding Fish Fillets And Other Fish Meat Without Bones; Fish Livers And Roes, Frozen",30374,"Mackerel (Scomber Scombrus, Scomber Australasicus, Scomber Japonicus), Excluding Fillets, Livers And Roes, Frozen",3037402,Of A Weight 600 Grammes Or More,593.03,500,1.19,KG
2002,6,Norway,Import,Germany,3,"Fish And Crustaceans, Molluscs And Other Aquatic Invertebrates",303,"Fish, Frozen, Excluding Fish Fillets And Other Fish Meat Without Bones; Fish Livers And Roes, Frozen",30374,"Mackerel (Scomber Scombrus, Scomber Australasicus, Scomber Japonicus), Excluding Fillets, Livers And Roes, Frozen",3037402,Of A Weight 600 Grammes Or More,11555.85,7000,1.65,KG
2002,10,Norway,Import,Germany,3,"Fish And Crustaceans, Molluscs And Other Aquatic Invertebrates",303,"Fish, Frozen, Excluding Fish Fillets And Other Fish Meat Without Bones; Fish Livers And Roes, Frozen",30374,"Mackerel (Scomber Scombrus, Scomber Australasicus, Scomber Japonicus), Excluding Fillets, Livers And Roes, Frozen",3037402,Of A Weight 600 Grammes Or More,8617.93,1680,5.13,KG
2001,5,Norway,Import,India,3,"Fish And Crustaceans, Molluscs And Other Aquatic Invertebrates",303,"Fish, Frozen, Excluding Fish Fillets And Other Fish Meat Without Bones; Fish Livers And Roes, Frozen",30374,"Mackerel (Scomber Scombrus, Scomber Australasicus, Scomber Japonicus), Excluding Fillets, Livers And Roes, Frozen",3037402,Of A Weight 600 Grammes Or More,150.69,100,1.51,KG
2001,11,Norway,Import,India,3,"Fish And Crustaceans, Molluscs And Other Aquatic Invertebrates",303,"Fish, Frozen, Excluding Fish Fillets And Other Fish Meat Without Bones; Fish Livers And Roes, Frozen",30374,"Mackerel (Scomber Scombrus, Scomber Australasicus, Scomber Japonicus), Excluding Fillets, Livers And Roes, Frozen",3037402,Of A Weight 600 Grammes Or More,296.32,200,1.48,KG
2000,1,Norway,Import,Ireland,3,"Fish And Crustaceans, Molluscs And Other Aquatic Invertebrates",303,"Fish, Frozen, Excluding Fish Fillets And Other Fish Meat Without Bones; Fish Livers And Roes, Frozen",30374,"Mackerel (Scomber Scombrus, Scomber Australasicus, Scomber Japonicus), Excluding Fillets, Livers And Roes, Frozen",3037402,Of A Weight 600 Grammes Or More,42014.56,49945,0.84,KG
2001,5,Norway,Import,Ireland,3,"Fish And Crustaceans, Molluscs And Other Aquatic Invertebrates",303,"Fish, Frozen, Excluding Fish Fillets And Other Fish Meat Without Bones; Fish Livers And Roes, Frozen",30374,"Mackerel (Scomber Scombrus, Scomber Australasicus, Scomber Japonicus), Excluding Fillets, Livers And Roes, Frozen",3037402,Of A Weight 600 Grammes Or More,62189.87,48000,1.3,KG
2010,11,Norway,Import,Lithuania,3,"Fish And Crustaceans, Molluscs And Other Aquatic Invertebrates",303,"Fish, Frozen, Excluding Fish Fillets And Other Fish Meat Without Bones; Fish Livers And Roes, Frozen",30374,"Mackerel (Scomber Scombrus, Scomber Australasicus, Scomber Japonicus), Excluding Fillets, Livers And Roes, Frozen",3037402,Of A Weight 600 Grammes Or More,99439.84,32940,3.02,KG
2008,4,Norway,Import,Morocco,3,"Fish And Crustaceans, Molluscs And Other Aquatic Invertebrates",303,"Fish, Frozen, Excluding Fish Fillets And Other Fish Meat Without Bones; Fish Livers And Roes, Frozen",30374,"Mackerel (Scomber Scombrus, Scomber Australasicus, Scomber Japonicus), Excluding Fillets, Livers And Roes, Frozen",3037402,Of A Weight 600 Grammes Or More,1354.74,300,4.52,KG
2008,11,Norway,Import,Morocco,3,"Fish And Crustaceans, Molluscs And Other Aquatic Invertebrates",303,"Fish, Frozen, Excluding Fish Fillets And Other Fish Meat Without Bones; Fish Livers And Roes, Frozen",30374,"Mackerel (Scomber Scombrus, Scomber Australasicus, Scomber Japonicus), Excluding Fillets, Livers And Roes, Frozen",3037402,Of A Weight 600 Grammes Or More,352.58,70,5.04,KG
2009,3,Norway,Import,Morocco,3,"Fish And Crustaceans, Molluscs And Other Aquatic Invertebrates",303,"Fish, Frozen, Excluding Fish Fillets And Other Fish Meat Without Bones; Fish Livers And Roes, Frozen",30374,"Mackerel (Scomber Scombrus, Scomber Australasicus, Scomber Japonicus), Excluding Fillets, Livers And Roes, Frozen",3037402,Of A Weight 600 Grammes Or More,1003.46,161,6.23,KG
2001,7,Norway,Import,Netherlands,3,"Fish And Crustaceans, Molluscs And Other Aquatic Invertebrates",303,"Fish, Frozen, Excluding Fish Fillets And Other Fish Meat Without Bones; Fish Livers And Roes, Frozen",30374,"Mackerel (Scomber Scombrus, Scomber Australasicus, Scomber Japonicus), Excluding Fillets, Livers And Roes, Frozen",3037402,Of A Weight 600 Grammes Or More,70587.48,72600,0.97,KG
2003,5,Norway,Import,Netherlands,3,"Fish And Crustaceans, Molluscs And Other Aquatic Invertebrates",303,"Fish, Frozen, Excluding Fish Fillets And Other Fish Meat Without Bones; Fish Livers And Roes, Frozen",30374,"Mackerel (Scomber Scombrus, Scomber Australasicus, Scomber Japonicus), Excluding Fillets, Livers And Roes, Frozen",3037402,Of A Weight 600 Grammes Or More,2013.79,1320,1.53,KG
2003,10,Norway,Import,Netherlands,3,"Fish And Crustaceans, Molluscs And Other Aquatic Invertebrates",303,"Fish, Frozen, Excluding Fish Fillets And Other Fish Meat Without Bones; Fish Livers And Roes, Frozen",30374,"Mackerel (Scomber Scombrus, Scomber Australasicus, Scomber Japonicus), Excluding Fillets, Livers And Roes, Frozen",3037402,Of A Weight 600 Grammes Or More,1745.6,1320,1.32,KG
2009,3,Norway,Import,Netherlands,3,"Fish And Crustaceans, Molluscs And Other Aquatic Invertebrates",303,"Fish, Frozen, Excluding Fish Fillets And Other Fish Meat Without Bones; Fish Livers And Roes, Frozen",30374,"Mackerel (Scomber Scombrus, Scomber Australasicus, Scomber Japonicus), Excluding Fillets, Livers And Roes, Frozen",3037402,Of A Weight 600 Grammes Or More,162.99,96,1.7,KG
2002,4,Norway,Import,Senegal,3,"Fish And Crustaceans, Molluscs And Other Aquatic Invertebrates",303,"Fish, Frozen, Excluding Fish Fillets And Other Fish Meat Without Bones; Fish Livers And Roes, Frozen",30374,"Mackerel (Scomber Scombrus, Scomber Australasicus, Scomber Japonicus), Excluding Fillets, Livers And Roes, Frozen",3037402,Of A Weight 600 Grammes Or More,2117.95,1200,1.76,KG
2002,7,Norway,Import,Senegal,3,"Fish And Crustaceans, Molluscs And Other Aquatic Invertebrates",303,"Fish, Frozen, Excluding Fish Fillets And Other Fish Meat Without Bones; Fish Livers And Roes, Frozen",30374,"Mackerel (Scomber Scombrus, Scomber Australasicus, Scomber Japonicus), Excluding Fillets, Livers And Roes, Frozen",3037402,Of A Weight 600 Grammes Or More,5862.85,2698,2.17,KG
2000,9,Norway,Import,Sweden,3,"Fish And Crustaceans, Molluscs And Other Aquatic Invertebrates",303,"Fish, Frozen, Excluding Fish Fillets And Other Fish Meat Without Bones; Fish Livers And Roes, Frozen",30374,"Mackerel (Scomber Scombrus, Scomber Australasicus, Scomber Japonicus), Excluding Fillets, Livers And Roes, Frozen",3037402,Of A Weight 600 Grammes Or More,188993.41,298308,0.63,KG
2000,11,Norway,Import,Sweden,3,"Fish And Crustaceans, Molluscs And Other Aquatic Invertebrates",303,"Fish, Frozen, Excluding Fish Fillets And Other Fish Meat Without Bones; Fish Livers And Roes, Frozen",30374,"Mackerel (Scomber Scombrus, Scomber Australasicus, Scomber Japonicus), Excluding Fillets, Livers And Roes, Frozen",3037402,Of A Weight 600 Grammes Or More,3459.43,500,6.92,KG
2005,12,Norway,Import,Thailand,3,"Fish And Crustaceans, Molluscs And Other Aquatic Invertebrates",303,"Fish, Frozen, Excluding Fish Fillets And Other Fish Meat Without Bones; Fish Livers And Roes, Frozen",30374,"Mackerel (Scomber Scombrus, Scomber Australasicus, Scomber Japonicus), Excluding Fillets, Livers And Roes, Frozen",3037402,Of A Weight 600 Grammes Or More,1519.29,500,3.04,KG
2000,1,Norway,Import,United Kingdom,3,"Fish And Crustaceans, Molluscs And Other Aquatic Invertebrates",303,"Fish, Frozen, Excluding Fish Fillets And Other Fish Meat Without Bones; Fish Livers And Roes, Frozen",30374,"Mackerel (Scomber Scombrus, Scomber Australasicus, Scomber Japonicus), Excluding Fillets, Livers And Roes, Frozen",3037402,Of A Weight 600 Grammes Or More,405975.01,488193,0.83,KG
2000,2,Norway,Import,United Kingdom,3,"Fish And Crustaceans, Molluscs And Other Aquatic Invertebrates",303,"Fish, Frozen, Excluding Fish Fillets And Other Fish Meat Without Bones; Fish Livers And Roes, Frozen",30374,"Mackerel (Scomber Scombrus, Scomber Australasicus, Scomber Japonicus), Excluding Fillets, Livers And Roes, Frozen",3037402,Of A Weight 600 Grammes Or More,190904.78,261012,0.73,KG
2004,11,Norway,Import,United Kingdom,3,"Fish And Crustaceans, Molluscs And Other Aquatic Invertebrates",303,"Fish, Frozen, Excluding Fish Fillets And Other Fish Meat Without Bones; Fish Livers And Roes, Frozen",30374,"Mackerel (Scomber Scombrus, Scomber Australasicus, Scomber Japonicus), Excluding Fillets, Livers And Roes, Frozen",3037402,Of A Weight 600 Grammes Or More,39791.55,21000,1.89,KG
2005,10,Norway,Import,United Kingdom,3,"Fish And Crustaceans, Molluscs And Other Aquatic Invertebrates",303,"Fish, Frozen, Excluding Fish Fillets And Other Fish Meat Without Bones; Fish Livers And Roes, Frozen",30374,"Mackerel (Scomber Scombrus, Scomber Australasicus, Scomber Japonicus), Excluding Fillets, Livers And Roes, Frozen",3037402,Of A Weight 600 Grammes Or More,2703405.17,1377091,1.96,KG
2000,2,Norway,Import,Vietnam,3,"Fish And Crustaceans, Molluscs And Other Aquatic Invertebrates",303,"Fish, Frozen, Excluding Fish Fillets And Other Fish Meat Without Bones; Fish Livers And Roes, Frozen",30374,"Mackerel (Scomber Scombrus, Scomber Australasicus, Scomber Japonicus), Excluding Fillets, Livers And Roes, Frozen",3037402,Of A Weight 600 Grammes Or More,303.49,100,3.03,KG
2000,3,Norway,Import,Vietnam,3,"Fish And Crustaceans, Molluscs And Other Aquatic Invertebrates",303,"Fish, Frozen, Excluding Fish Fillets And Other Fish Meat Without Bones; Fish Livers And Roes, Frozen",30374,"Mackerel (Scomber Scombrus, Scomber Australasicus, Scomber Japonicus), Excluding Fillets, Livers And Roes, Frozen",3037402,Of A Weight 600 Grammes Or More,2853.75,960,2.97,KG
2009,4,Norway,Import,Vietnam,3,"Fish And Crustaceans, Molluscs And Other Aquatic Invertebrates",303,"Fish, Frozen, Excluding Fish Fillets And Other Fish Meat Without Bones; Fish Livers And Roes, Frozen",30374,"Mackerel (Scomber Scombrus, Scomber Australasicus, Scomber Japonicus), Excluding Fillets, Livers And Roes, Frozen",3037402,Of A Weight 600 Grammes Or More,412.8,60,6.88,KG
2009,10,Norway,Import,Vietnam,3,"Fish And Crustaceans, Molluscs And Other Aquatic Invertebrates",303,"Fish, Frozen, Excluding Fish Fillets And Other Fish Meat Without Bones; Fish Livers And Roes, Frozen",30374,"Mackerel (Scomber Scombrus, Scomber Australasicus, Scomber Japonicus), Excluding Fillets, Livers And Roes, Frozen",3037402,Of A Weight 600 Grammes Or More,628.77,64,9.82,KG
